1,img,icons/profileicon5992.png,0
2,img,icons/profileicon5993.png,0
3,img,icons/profileicon5994.png,0
4,img,icons/profileicon5995.png,0
5,img,icons/profileicon5996.png,0
6,img,icons/profileicon5997.png,0
7,img,icons/profileicon5998.png,0
8,img,icons/profileicon5999.png,0
9,img,icons/profileicon6000.png,0
10,img,icons/profileicon6001.png,0
11,img,icons/profileicon6002.png,0
12,img,icons/profileicon6003.png,0
13,img,icons/profileicon6004.png,0
14,img,icons/profileicon6005.png,0
15,img,icons/profileicon6006.png,0
16,img,icons/profileicon6007.png,0
17,img,icons/profileicon6008.png,0
18,img,icons/profileicon6009.png,0
19,img,icons/profileicon6010.png,0
20,img,icons/profileicon6011.png,0
21,img,icons/profileicon6012.png,0
22,img,icons/profileicon6013.png,0
23,img,icons/profileicon6014.png,0
24,img,icons/profileicon6015.png,0
25,img,icons/profileicon6016.png,0
26,img,icons/profileicon6017.png,0
27,img,icons/profileicon6018.png,0
28,img,icons/profileicon6019.png,0
29,img,icons/profileicon6020.png,0
30,img,icons/profileicon6021.png,0
31,img,icons/profileicon6022.png,0
32,img,icons/profileicon6023.png,0
33,img,icons/profileicon6024.png,0
34,img,icons/profileicon6025.png,0
35,img,icons/profileicon6026.png,0
36,img,icons/profileicon6027.png,0
37,img,icons/profileicon6028.png,0
38,img,icons/profileicon6029.png,0
39,img,icons/profileicon6030.png,0
40,img,icons/profileicon6031.png,0
41,img,icons/profileicon6032.png,0
42,img,icons/profileicon6033.png,0
43,img,icons/profileicon6034.png,0
44,img,icons/profileicon6035.png,0
45,img,icons/profileicon6036.png,0
46,img,icons/profileicon6037.png,0
47,img,icons/profileicon6038.png,0
48,img,icons/profileicon6039.png,0
49,img,icons/profileicon6040.png,0
50,img,icons/profileicon6041.png,0
51,img,icons/profileicon6042.png,0
52,img,icons/profileicon6043.png,0
53,img,icons/profileicon6044.png,0
54,img,icons/profileicon6045.png,0
55,img,icons/profileicon6046.png,0
56,img,icons/profileicon6047.png,0
57,img,icons/profileicon6048.png,0
58,img,icons/profileicon6049.png,0
59,img,icons/profileicon6050.png,0
60,img,icons/profileicon6051.png,0
61,img,icons/profileicon6052.png,0
62,img,icons/profileicon6053.png,0
63,img,icons/profileicon6054.png,0
64,img,icons/profileicon6055.png,0
65,img,icons/profileicon6056.png,0
66,img,icons/profileicon6057.png,0
67,img,icons/profileicon6058.png,0
68,img,icons/profileicon6059.png,0
69,img,icons/profileicon6060.png,0
70,img,icons/profileicon6061.png,0
71,img,icons/profileicon6062.png,0
72,img,icons/profileicon6063.png,0
73,img,icons/profileicon6064.png,0
74,img,icons/profileicon6065.png,0
75,img,icons/profileicon6066.png,0
76,img,icons/profileicon6067.png,0
77,img,icons/profileicon6068.png,0
78,img,icons/profileicon6069.png,0
79,img,icons/profileicon6070.png,0
80,img,icons/profileicon6071.png,0
81,img,icons/profileicon6072.png,0
82,img,icons/profileicon6073.png,0
83,img,icons/profileicon6074.png,0
84,img,icons/profileicon6075.png,0
85,img,icons/profileicon6076.png,0
86,img,icons/profileicon6077.png,0
87,img,icons/profileicon6078.png,0
88,img,icons/profileicon6079.png,0
89,img,icons/profileicon6080.png,0
90,img,icons/profileicon6081.png,0
91,img,icons/profileicon6082.png,0
92,img,icons/profileicon6083.png,0
93,img,icons/profileicon6084.png,0
94,img,icons/profileicon6085.png,0
95,img,icons/profileicon6086.png,0
96,img,icons/profileicon6087.png,0
97,img,icons/profileicon6088.png,0
98,img,icons/profileicon6089.png,0
99,img,icons/profileicon6090.png,0
100,img,icons/profileicon6091.png,0
101,img,icons/profileicon6092.png,0
102,img,icons/profileicon6093.png,0
103,img,icons/profileicon6094.png,0
104,img,icons/profileicon6095.png,0
105,img,icons/profileicon6096.png,0
106,img,icons/profileicon6097.png,0
107,img,icons/profileicon6098.png,0
108,img,icons/profileicon6099.png,0
109,img,icons/profileicon6100.png,0
110,img,icons/profileicon6101.png,0
111,img,icons/profileicon6102.png,0
112,img,icons/profileicon6103.png,0
113,img,icons/profileicon6104.png,0
114,img,icons/profileicon6105.png,0
115,img,icons/profileicon6106.png,0
116,img,icons/profileicon6107.png,0
117,img,icons/profileicon6108.png,0
118,img,icons/profileicon6109.png,0
119,img,icons/profileicon6200.png,0
120,img,icons/profileicon6201.png,0
121,img,icons/profileicon6202.png,0
122,img,icons/profileicon6203.png,0
123,img,icons/profileicon6204.png,0
124,img,icons/profileicon6205.png,0
125,img,icons/profileicon6206.png,0
126,img,icons/profileicon6207.png,0
127,img,icons/profileicon6208.png,0
128,img,icons/profileicon6209.png,0
129,img,icons/profileicon6210.png,0
130,img,icons/profileicon6211.png,0
131,img,icons/profileicon6212.png,0
132,img,icons/profileicon6213.png,0
133,img,icons/profileicon6214.png,0
134,img,icons/profileicon6215.png,0
135,img,icons/profileicon6216.png,0
136,img,icons/profileicon6217.png,0
137,img,icons/profileicon6218.png,0
138,img,icons/profileicon6219.png,0
139,img,icons/profileicon6220.png,0
140,img,icons/profileicon6221.png,0
141,img,icons/profileicon6222.png,0
142,img,icons/profileicon6223.png,0
143,img,icons/profileicon6224.png,0
144,img,icons/profileicon6225.png,0
145,img,icons/profileicon6226.png,0
146,img,icons/profileicon6227.png,0
147,img,icons/profileicon6228.png,0
148,img,icons/profileicon6229.png,0
149,img,icons/profileicon6230.png,0
150,img,icons/profileicon6231.png,0
151,img,icons/profileicon6232.png,0
152,img,icons/profileicon6233.png,0
153,img,icons/profileicon6234.png,0
154,img,icons/profileicon6235.png,0
155,img,icons/profileicon6236.png,0
156,img,icons/profileicon6237.png,0
157,img,icons/profileicon6238.png,0
158,img,icons/profileicon6239.png,0
159,img,icons/profileicon6240.png,0
160,img,icons/profileicon6241.png,0
161,img,icons/profileicon6242.png,0
162,img,icons/profileicon6243.png,0
163,img,icons/profileicon6244.png,0
